code_pac,lbl_cultu,code_cpf_bio,libelle_code_cpf_bio,code_grp_cultu,grp_cultu,
ACA,Autre culture non précisée dans la liste (admissible),01.19,Autres cultures non permanentes,28,Divers,
AGR,Agrume,01.23.1,Agrumes,20,Vergers,
AIL,Aïl,01.13.42,Ail,25,Légumes ou fleurs,
ANA,Ananas,01.22.19.1,Ananas,20,Vergers,
ANE,Aneth,01.28.19.26,Aneth,24,Autres cultures industrielles,"Plantes médicinales, aromatiques, épices"
ANG,Angélique,01.28.30.48,Angélique,24,Autres cultures industrielles,"Plantes médicinales, aromatiques, épices"
ANI,Anis,01.28.14.3,"Anis, badiane",24,Autres cultures industrielles,"Plantes médicinales, aromatiques, épices"
ARA,Arachide,01.11.82,"Arachides, en coque",7,Autres oléagineux,
ART,Artichaut,01.13.17,Artichauts,25,Légumes ou fleurs,
AUB,Aubergine,01.13.33,Aubergines,25,Légumes ou fleurs,
AVH,Avoine d’hiver,01.11.33,Avoine,4,Autres céréales,
AVO,Avocat,01.22.11,Avocats,20,Vergers,
AVP,Avoine de printemps,01.11.33,Avoine,4,Autres céréales,
BAR,Bardane,01.28.30.33,Bardane,24,Autres cultures industrielles,
BAS,Basilic,01.28.19.27,Basilic,24,Autres cultures industrielles,
BCA,Banane créole (fruit et légume) - autre,01.22.12,"Bananes, bananes plantains et assimilés",20,Vergers,
BCF,Banane créole (fruit et légume) - fermage,01.22.12,"Bananes, bananes plantains et assimilés",20,Vergers,
BCI,Banane créole (fruit et légume) - indivision,01.22.12,"Bananes, bananes plantains et assimilés",20,Vergers,
BCP,Banane créole (fruit et légume) - propriété ou faire valoir direct,01.22.12,"Bananes, bananes plantains et assimilés",20,Vergers,
BCR,Banane créole (fruit et légume) - réforme foncière,01.22.12,"Bananes, bananes plantains et assimilés",20,Vergers,
BDH,Blé dur d’hiver,01.11.11,Blé dur,4,Autres céréales,
BDP,Blé dur de printemps,01.11.11,Blé dur,4,Autres céréales,
BDT,Blé dur de printemps semé tardivement (après le 31/05),01.11.11,Blé dur,4,Autres céréales,
BEA,Banane export - autre,01.22.12,"Bananes, bananes plantains et assimilés",20,Vergers,
BEF,Banane export - fermage,01.22.12,"Bananes, bananes plantains et assimilés",20,Vergers,
BEI,Banane export - indivision,01.22.12,"Bananes, bananes plantains et assimilés",20,Vergers,
BEP,Banane export - propriété ou faire valoir direct,01.22.12,"Bananes, bananes plantains et assimilés",20,Vergers,
BER,Banane export - réforme foncière,01.22.12,"Bananes, bananes plantains et assimilés",20,Vergers,
BFP,Bande admissible le long d’une forêt avec production,01.99,Autres surfaces non productive et surfaces non agricoles,28,Divers,
BFS,Bande admissible le long d’une forêt sans production,01.99,Autres surfaces non productive et surfaces non agricoles,28,Divers,
BLT,Bleuet,01.28.30.34,Bleuet,25,Légumes ou fleurs,
BOP,Bois pâturé,01.95.11,Bois pâturés et parcours ligneux,17,Estives et landes,
BOR,Bordure de champ,01.99,Autres surfaces non productive et surfaces non agricoles,28,Divers,
BRH,Bourrache de 5 ans ou moins,01.19.10.11,Prairie temporaire,24,Autres cultures industrielles,
BRO,Brome de 5 ans ou moins,01.19.10.11,Prairie temporaire,28,Divers,
BTA,Bande tampon,01.99,Autres surfaces non productive et surfaces non agricoles,28,Divers,
BTH,Blé tendre d’hiver,01.11.12,Blé tendre,1,Blé tendre,
BTN,Betterave non fourragère / Bette,01.13.71,Betteraves à sucre,24,Autres cultures industrielles,
BTP,Blé tendre de printemps,01.11.12,Blé tendre,1,Blé tendre,
BUR,Bugle rampante,01.28.30.35,Bugle rampant,25,Légumes ou fleurs,
BVF,Betterave fourragère,01.19.10.2,Betterave fourragère,16,Fourrage,
CAB,Caroube,01.28.00.99,"Autres plantes à épices, aromatiques, médicinales et pharmaceutiques",22,Fruits à coque,
CAC,Café / Cacao,01.27.1,Plantes à boissons,20,Vergers,
CAE,Châtaigneraie entretenue par des porcins ou des petits ruminants,01.95.11,Bois pâturés et parcours ligneux,28,Divers,
CAF,Carotte fourragère,01.19.10.9,Autres plantes et surfaces fourragères n.c.a.,16,Fourrage,
CAG,Autre céréale d’un autre genre,01.11.49.9,Autres céréales,4,Autres céréales,
CAR,Carotte,01.13.41.1,Carottes,25,Légumes ou fleurs,
CAV,Carvi,01.28.14.9,"Cumin, carvi et genièvre, bruts",24,Autres cultures industrielles,
CBT,Cerise bigarreau pour transformation,01.24.24,Cerises,20,Vergers,
CCN,Concombre / Cornichon,01.13.32,Concombres et cornichons,25,Légumes ou fleurs,
CCT,Courgette / Citrouille,01.13.39,Autres légumes à fruits n.c.a.,25,Légumes ou fleurs,
CEE,Chênaie entretenue par des porcins ou des petits ruminants,01.95.11,Bois pâturés et parcours ligneux,28,Divers,
CEL,Céleri,01.13.49.3,Céleris raves,25,Légumes ou fleurs,
CES,Chicorée / Endive / Scarole,01.13.19.9,Autres légumes à feuilles ou à tiges,25,Légumes ou fleurs,
CGF,Autre céréale de genre Fagopyrum,01.11.49.2,Sarrasin,4,Autres céréales,
CGH,Autre céréale de genre Phalaris,01.11.49.9,Autres céréales,4,Autres céréales,
CGO,Autre céréale de genre Sorghum,01.11.41,Sorgho,4,Autres céréales,
CGP,Autre céréale de genre Panicum,01.11.49.9,Autres céréales,4,Autres céréales,
CGS,Autre céréale de genre Setaria,01.11.49.9,Autres céréales,4,Autres céréales,
CHA,Autre céréale d’hiver de genre Avena,01.11.33,Avoine,4,Autres céréales,
CHF,Chou fourrager,01.19.10.3,Choux fourrager,16,Fourrage,
CHH,Autre céréale d’hiver de genre Hordeum,01.11.31,Orges,4,Autres céréales,
CHR,Chardon Marie,01.28.30.49,Chardon Marie,24,Autres cultures industrielles,
CHS,Autre céréale d’hiver de genre Secale,01.11.32,Seigle,4,Autres céréales,
CHT,Autre céréale d’hiver de genre Triticum,01.11.49.9,Autres céréales,4,Autres céréales,
CHU,Chou,01.13.12,Choux,25,Légumes ou fleurs,
CHV,Chanvre,01.16.19.2,Chanvre,9,Plantes à fibres,
CIB,Ciboulette,01.28.19.44,Ciboulette,24,Autres cultures industrielles,
CID,Cultures conduites en interrangs : 2 cultures représentant chacune plus de 25%,01.19.99,Cultures en inter-rang,28,Divers,
CIT,Cultures conduites en interrangs : 3 cultures représentant chacune plus de 25%,01.19.99,Cultures en inter-rang,28,Divers,
CMB,Courge musquée / Butternut,01.13.39.31,Courge musquée / Butternut,25,Légumes ou fleurs,
CML,Cameline,01.11.99.1,Cameline,24,Autres cultures industrielles,
CMM,Camomille,01.28.19.28,Camomille romaine,24,Autres cultures industrielles,
CNE,Chênaie non entretenue par des porcins ou des petits ruminants,01.95.19,"Bois non pâturés, sans cueillette",28,Divers,
CPA,Autre céréale de printemps de genre Avena,01.11.33,Avoine,4,Autres céréales,
CPH,Autre céréale de printemps de genre Hordeum,01.11.31,Orges,4,Autres céréales,
CPL,Fourrage composé de céréales et/ou de protéagineux (en proportion < 50%) et/ou de légumineuses fourragères (en proportion < 50%),01.19.10.6,Mélanges fourragers,16,Fourrage,
CPS,Autre céréale de printemps de genre Secale,01.11.32,Seigle,4,Autres céréales,
CPT,Autre céréale de printemps de genre Triticum,01.11.49.9,Autres céréales,4,Autres céréales,
CPZ,Autre céréale de printemps de genre Zea,01.11.20,Maïs grain (yc maïs doux),4,Autres céréales,
CRA,Cresson alénois de 5 ans ou moins,01.13.19.4,Cresson,25,Légumes ou fleurs,
CRD,Coriandre,01.28.14.1,Coriandre (graines),24,Autres cultures industrielles,
CRF,Cerfeuil,01.28.19.29,Cerfeuil,24,Autres cultures industrielles,
CRN,Cornille,01.11.76,"Dolique à œil noir (pois du brésil, niébé)",25,Légumes ou fleurs,
CRS,Cresson,01.13.19.4,Cresson,25,Légumes ou fleurs,
CSA,Canne à sucre - autre,01.14,Cannes à sucre,26,Canne à sucre,
CSE,Chanvre sans étiquette conforme,01.16.19.2,Chanvre,9,Plantes à fibres,
CSF,Canne à sucre - fermage,01.14,Cannes à sucre,26,Canne à sucre,
CSI,Canne à sucre - indivision,01.14,Cannes à sucre,26,Canne à sucre,
CSP,Canne à sucre - propriété ou faire valoir direct,01.14,Cannes à sucre,26,Canne à sucre,
CSR,Canne à sucre - réforme foncière,01.14,Cannes à sucre,26,Canne à sucre,
CSS,Culture sous serre hors sol,01.19,Autres cultures non permanentes,25,Légumes ou fleurs,
CTG,Châtaigne,01.25.32,Châtaignes et marrons,22,Fruits à coque,
CUA,Culture sous abattis,01.19,Autres cultures non permanentes,28,Divers,
CUM,Cumin,01.28.14.9,"Cumin, carvi et genièvre, bruts",24,Autres cultures industrielles,
CUR,Curcuma,01.28.19.51,Curcuma,24,Autres cultures industrielles,
CZH,Colza d’hiver,01.11.93,Colza,5,Colza,
CZP,Colza de printemps,01.11.93,Colza,5,Colza,
DOL,Dolique,01.11.76,"Dolique à œil noir (pois du brésil, niébé)",25,Légumes ou fleurs,
DTY,Dactyle de 5 ans ou moins,01.19.10.11,Prairie temporaire,16,Fourrage,
EPE,Épeautre,01.11.49.1,Epeautre,4,Autres céréales,
EPI,Épinard,01.13.16,Épinards,25,Légumes ou fleurs,
EST,Estragon,01.28.19.45,Estragon,24,Autres cultures industrielles,
FAG,Autre fourrage annuel d’un autre genre,01.19.10.9,Autres plantes et surfaces fourragères n.c.a.,16,Fourrage,
FET,Fétuque de 5 ans ou moins,01.19.10.11,Prairie temporaire,16,Fourrage,
FEV,Fève,01.11.72,"Fèves, sèches (yc féveroles)",8,Protéagineux,
FF5,Féverole fourragère implantée pour la récolte 2015,01.11.72,"Fèves, sèches (yc féveroles)",16,Fourrage,
FF6,Féverole fourragère implantée pour la récolte 2016,01.19.10.9,Autres plantes et surfaces fourragères n.c.a.,16,Fourrage,
FF7,Féverole fourragère implantée pour la récolte 2017,01.19.10.9,Autres plantes et surfaces fourragères n.c.a.,16,Fourrage,
FF8,Féverole fourragère implantée pour la récolte 2018,01.19.10.9,Autres plantes et surfaces fourragères n.c.a.,16,Fourrage,
FFO,Autre féverole fourragère,01.19.10.9,Autres plantes et surfaces fourragères n.c.a.,16,Fourrage,
FLA,Autre légume ou fruit annuel,01.19,Autres cultures non permanentes,25,Légumes ou fleurs,
FLO,Fléole de 5 ans ou moins,01.19.10.11,Prairie temporaire,16,Fourrage,
FLP,Autre légume ou fruit pérenne,01.29,Autres cultures permanentes,25,Légumes ou fleurs,
FNO,Fenouil,01.28.14.2,Fenouil doux et amer,24,Autres cultures industrielles,
FNU,Fenugrec,01.28.19.41,Fenugrec,24,Autres cultures industrielles,
FRA,Fraise,01.25.13,Fraises,25,Légumes ou fleurs,
FSG,Autre plante fourragère sarclée d’un autre genre,01.19.10.9,Autres plantes et surfaces fourragères n.c.a.,16,Fourrage,
FVL,Féverole semée avant le 31/05,01.11.72,"Fèves, sèches (yc féveroles)",8,Protéagineux,
FVT,Féverole semée tardivement (après le 31/05),01.11.72,"Fèves, sèches (yc féveroles)",8,Protéagineux,
GAI,Gaillet,01.28.00.99,"Autres plantes à épices, aromatiques, médicinales et pharmaceutiques",16,Fourrage,
GER,Géranium,01.28.30.36,Géranium,25,Légumes ou fleurs,
GES,Gesse,01.11.79.9,Autres légumes secs,16,Fourrage,
GFP,Autre graminée fourragère pure de 5 ans ou moins,01.19.10.9,Autres plantes et surfaces fourragères n.c.a.,16,Fourrage,
HAR,Haricot / Flageolet,01.11.71,"Haricots, secs",25,Légumes ou fleurs,
HBL,Houblon,01.28.2,Houblon en cônes,24,Autres cultures industrielles,
HPC,Horticulture ornementale de plein champ,01.19.21,Fleurs coupées et boutons de fleurs,25,Légumes ou fleurs,
HSA,Horticulture ornementale sous abri,01.19.21,Fleurs coupées et boutons de fleurs,25,Légumes ou fleurs,
J5M,Jachère de 5 ans ou moins,01.91,"Jachère, gel entrant en rotation (yc bandes tampon et surfaces non exploitées temporairement)",11,Gel (surfaces gelées sans production),
J6P,Jachère de 6 ans ou plus,01.91,"Jachère, gel entrant en rotation (yc bandes tampon et surfaces non exploitées temporairement)",11,Gel (surfaces gelées sans production),
J6S,Jachère de 6 ans ou plus déclarée comme Surface d’intérêt écologique,01.91,"Jachère, gel entrant en rotation (yc bandes tampon et surfaces non exploitées temporairement)",11,Gel (surfaces gelées sans production),
JNO,Jachère noire,01.91,"Jachère, gel entrant en rotation (yc bandes tampon et surfaces non exploitées temporairement)",11,Gel (surfaces gelées sans production),
JO5,Jarosse implantée pour la récolte 2015,01.19.10.9,Autres plantes et surfaces fourragères n.c.a.,16,Fourrage,
JO6,Jarosse implantée pour la récolte 2016,01.19.10.9,Autres plantes et surfaces fourragères n.c.a.,16,Fourrage,
JO7,Jarosse implantée pour la récolte 2017,01.19.10.9,Autres plantes et surfaces fourragères n.c.a.,16,Fourrage,
JO8,Jarosse implantée pour la récolte 2018,01.19.10.9,Autres plantes et surfaces fourragères n.c.a.,16,Fourrage,
JOD,Jarosse déshydratée,01.19.10.9,Autres plantes et surfaces fourragères n.c.a.,16,Fourrage,
JOS,Autre jarosse,01.19.10.9,Autres plantes et surfaces fourragères n.c.a.,16,Fourrage,
LAV,Lavande / Lavandin,01.28.30.10,"Lavande, lavandin",24,Autres cultures industrielles,
LBF,Laitue / Batavia / Feuille de chêne,01.13.19.8,Salades,25,Légumes ou fleurs,
LDH,Lupin doux d’hiver,01.11.79.1,Lupin,8,Protéagineux,
LDP,Lupin doux de printemps semé avant le 31/05,01.11.79.1,Lupin,8,Protéagineux,
LDT,Lupin doux de printemps semé tardivement (après le 31/05),01.11.79.1,Lupin,8,Protéagineux,
LEC,Lentille cultivée (non fourragère),01.11.74,"Lentilles, sèches",15,Légumineuses à grains,
LEF,Lentille fourragère,01.19.10.9,Autres plantes et surfaces fourragères n.c.a.,16,Fourrage,
LFH,Autre lupin fourrager d’hiver,01.19.10.9,Autres plantes et surfaces fourragères n.c.a.,16,Fourrage,
LFP,Autre lupin fourrager de printemps,01.19.10.9,Autres plantes et surfaces fourragères n.c.a.,16,Fourrage,
LH5,Lupin fourrager d’hiver implanté pour la récolte 2015,01.19.10.9,Autres plantes et surfaces fourragères n.c.a.,16,Fourrage,
LH6,Lupin fourrager d’hiver implanté pour la récolte 2016,01.19.10.9,Autres plantes et surfaces fourragères n.c.a.,16,Fourrage,
LH7,Lupin fourrager d’hiver implanté pour la récolte 2017,01.19.10.9,Autres plantes et surfaces fourragères n.c.a.,16,Fourrage,
LH8,Lupin fourrager d'hiver implanté pour la récolte 2018,01.19.10.9,Autres plantes et surfaces fourragères n.c.a.,16,Fourrage,
LIF,Lin fibres,01.16.19.1,Lin fibre,9,Plantes à fibres,
LIH,Lin non textile d’hiver,01.11.91,Lin (graines),7,Autres oléagineux,
LIP,Lin non textile de printemps,01.11.91,Lin (graines),7,Autres oléagineux,
LO7,Lotier implanté pour la récolte 2017,01.19.10.9,Autres plantes et surfaces fourragères n.c.a.,16,Fourrage,
LO8,Lotier implanté pour la récolte 2018,01.19.10.9,Autres plantes et surfaces fourragères n.c.a.,16,Fourrage,
LOT,Lotier,01.19.10.9,Autres plantes et surfaces fourragères n.c.a.,16,Fourrage,
LP5,Lupin fourrager de printemps implanté pour la récolte 2015,01.19.10.9,Autres plantes et surfaces fourragères n.c.a.,16,Fourrage,
LP6,Lupin fourrager de printemps implanté pour la récolte 2016,01.19.10.9,Autres plantes et surfaces fourragères n.c.a.,16,Fourrage,
LP7,Lupin fourrager de printemps implanté pour la récolte 2017,01.19.10.9,Autres plantes et surfaces fourragères n.c.a.,16,Fourrage,
LP8,Lupin fourrager de printemps implanté pour la récolte 2018,01.19.10.9,Autres plantes et surfaces fourragères n.c.a.,16,Fourrage,
LSA,Légume sous abri,01.13.90.1,Légumes frais sous abris,25,Légumes ou fleurs,
LU5,Luzerne implantée pour la récolte 2015,01.19.10.8,Luzerne,16,Fourrage,
LU6,Luzerne implantée pour la récolte 2016,01.19.10.8,Luzerne,16,Fourrage,
LU7,Luzerne implantée pour la récolte 2017,01.19.10.8,Luzerne,16,Fourrage,
LU8,Luzerne implantée pour la récolte 2018,01.19.10.8,Luzerne,16,Fourrage,
LUD,Luzerne déshydratée,01.19.10.8,Luzerne,16,Fourrage,
LUZ,Autre luzerne,01.19.10.8,Luzerne,16,Fourrage,
MAC,Mâche,01.13.19.83,Mâches,25,Légumes ou fleurs,
MAV,Mauve,01.28.30.43,Mauve,24,Autres cultures industrielles,
MC5,Mélange de légumineuses fourragères prépondérantes au semis implantées pour la récolte 2015 et de céréales,01.19.10.6,Mélanges fourragers,16,Fourrage,
MC6,Mélange de légumineuses fourragères prépondérantes au semis implantées pour la récolte 2016 et de céréales,01.19.10.6,Mélanges fourragers,16,Fourrage,
MC7,Mélange de légumineuses fourragères prépondérantes au semis implantées pour la récolte 2017 et de céréales,01.19.10.6,Mélanges fourragers,16,Fourrage,
MC8,Mélange de légumineuses fourragères prépondérantes implantées pour la récolte 2018 et de céréales et d’oléagineux,01.19.10.6,Mélanges fourragers,16,Fourrage,
MCR,Mélange de céréales,01.11.49.3,Mélanges (avec céréales),4,Autres céréales,
MCT,Miscanthus,01.29.00.91,Miscanthus,28,Divers,
ME5,Mélilot implanté pour la récolte 2015,01.19.10.9,Autres plantes et surfaces fourragères n.c.a.,16,Fourrage,
ME6,Mélilot implanté pour la récolte 2016,01.19.10.9,Autres plantes et surfaces fourragères n.c.a.,16,Fourrage,
ME7,Mélilot implanté pour la récolte 2017,01.19.10.9,Autres plantes et surfaces fourragères n.c.a.,16,Fourrage,
ME8,Mélilot implanté pour la récolte 2018,01.19.10.9,Autres plantes et surfaces fourragères n.c.a.,16,Fourrage,
MED,Mélilot déshydraté,01.19.10.9,Autres plantes et surfaces fourragères n.c.a.,16,Fourrage,
MEL,Autre mélilot,01.19.10.9,Autres plantes et surfaces fourragères n.c.a.,16,Fourrage,
MH5,Mélange de légumineuses fourragères prépondérantes au semis implantées pour la récolte 2015 et d’herbacées ou de graminées fourragères,01.19.10.6,Mélanges fourragers,16,Fourrage,
MH6,Mélange de légumineuses fourragères prépondérantes au semis implantées pour la récolte 2016 et d’herbacées ou de graminées fourragères,01.19.10.6,Mélanges fourragers,16,Fourrage,
MH7,Mélange de légumineuses fourragères prépondérantes au semis implantées pour la récolte 2017 et d’herbacées ou de graminées fourragères,01.19.10.6,Mélanges fourragers,16,Fourrage,
MI7,Minette implanté pour la récolte 2017,01.19.10.8,Luzerne,16,Fourrage,
MI8,Minette implanté pour la récolte 2018,01.19.10.8,Luzerne,16,Fourrage,
MID,Maïs doux,01.11.20.1,Maïs doux,2,Maïs grain et ensilage,
MIE,Maïs ensilage,01.19.10.5,Maïs fourrager,2,Maïs grain et ensilage,
MIN,Minette,01.19.10.8,Luzerne,16,Fourrage,
MIS,Maïs,01.11.20.2,Maïs grain (hors maïs doux),2,Maïs grain et ensilage,
ML5,Mélange de légumineuses fourragères implantées pour la récolte 2015 (entre elles),01.19.10.6,Mélanges fourragers,16,Fourrage,
ML6,Mélange de légumineuses fourragères implantées pour la récolte 2016 (entre elles),01.19.10.6,Mélanges fourragers,16,Fourrage,
ML7,Mélange de légumineuses fourragères implantées pour la récolte 2017 (entre elles),01.19.10.6,Mélanges fourragers,16,Fourrage,
ML8,Mélange de légumineuses fourragères implantées pour la récolte 2018 (entre elles),01.19.10.6,Mélanges fourragers,16,Fourrage,
MLC,Mélange de légumineuses fourragères prépondérantes et de céréales et/ou d’oléagineux,01.19.10.6,Mélanges fourragers,16,Fourrage,
MLD,Mélange de légumineuses déshydratées (entre elles),01.11.79.9,Autres légumes secs,16,Fourrage,
MLF,Mélange de légumineuses fourragères (entre elles),01.19.10.6,Mélanges fourragers,16,Fourrage,
MLG,Mélange de légumineuses prépondérantes au semis et de graminées fourragères de 5 ans ou moins,01.11.49.32,Mélanges Céréales-légumineuses,16,Fourrage,
MLI,Mélisse,01.28.30.6,Mélisse,24,Autres cultures industrielles,
MLO,Melon,01.13.29.1,Melons,25,Légumes ou fleurs,
MLP,Millepertuis,01.28.30.71,Millepertuis,24,Autres cultures industrielles,
MLS,Mélange de légumineuses non fourragères prépondérantes et de céréales et/ou d'oléagineux,01.11.49.32,Mélanges Céréales-légumineuses,8,Protéagineux,
MLT,Millet,01.11.42,Millet,4,Autres céréales,
MOH,Moha,01.11.49.9,Autres céréales,16,Fourrage,
MOL,Mélange d’oléagineux,01.11.99,Autres oléagineux n.c.a.,7,Autres oléagineux,
MOT,Moutarde,01.11.92,Moutarde (graines),24,Autres cultures industrielles,
MPA,Autre mélange de plantes fixant l’azote,01.93,Engrais vert,28,Divers,
MPC,Mélange de protéagineux (pois et/ou lupin et/ou féverole) prépondérants semés avant le 31/05 et de céréales,01.11.79.9,Autres légumes secs,8,Protéagineux,
MPP,Mélange de protéagineux (pois et/ou lupin et/ou féverole),01.11.79.9,Autres légumes secs,8,Protéagineux,
MPT,Mélange de protéagineux semés tardivement (après le 31/05),01.11.79.9,Autres légumes secs,8,Protéagineux,
MRG,Marguerite,01.28.00.99,"Autres plantes à épices, aromatiques, médicinales et pharmaceutiques",25,Légumes ou fleurs,
MRJ,Marjolaine / Origan,01.28.19.99,Autres épices brutes et arômates n.c.a.,24,Autres cultures industrielles,
MRS,Marais salant,08.93.1,Sel de mer,28,Divers,
MTH,Menthe,01.28.19.3,Menthe,24,Autres cultures industrielles,
NOS,Noisette,01.25.33,Noisettes,22,Fruits à coque,
NOX,Noix,01.25.35,Noix,22,Fruits à coque,
NVE,Navette d’été,01.19.10.9,Autres plantes et surfaces fourragères n.c.a.,7,Autres oléagineux,
NVF,Navet fourrager,01.19.10.9,Autres plantes et surfaces fourragères n.c.a.,16,Fourrage,
NVH,Navette d’hiver,01.19.10.9,Autres plantes et surfaces fourragères n.c.a.,7,Autres oléagineux,
NVT,Navet,01.13.41.2,Navets,25,Légumes ou fleurs,
NYG,Nyger,01.11.99,Autres oléagineux n.c.a.,28,Divers,
OAG,Autre oléagineux d’un autre genre,01.11.99,Autres oléagineux n.c.a.,7,Autres oléagineux,
OEH,Autre oléagineux d’espèce Helianthus,01.11.99,Autres oléagineux n.c.a.,7,Autres oléagineux,
OEI,Œillette,01.11.99,Autres oléagineux n.c.a.,7,Autres oléagineux,
OHN,Autre oléagineux d’hiver d’espèce Brassica napus,01.11.99,Autres oléagineux n.c.a.,7,Autres oléagineux,
OHR,Autre oléagineux d’hiver d’espèce Brassica rapa,01.11.99,Autres oléagineux n.c.a.,7,Autres oléagineux,
OIG,Oignon / Échalote,01.13.43,"Oignons, échalotes",25,Légumes ou fleurs,
OLI,Oliveraie,01.26.1,Olives,23,Oliviers,
OPN,Autre oléagineux de printemps d’espèce Brassica napus,01.11.99,Autres oléagineux n.c.a.,7,Autres oléagineux,
OPR,Autre oléagineux de printemps d’espèce Brassica rapa,01.11.99,Autres oléagineux n.c.a.,7,Autres oléagineux,
ORH,Orge d'hiver,01.11.31,Orges,3,Orge,
ORP,Orge de printemps,01.11.31,Orges,3,Orge,
ORT,Ortie,01.28.30.37,Ortie,24,Autres cultures industrielles,
OSE,Oseille,01.28.19.46,Oseille,24,Autres cultures industrielles,
PAG,Autre protéagineux d’un autre genre,01.11.79.9,Autres légumes secs,8,Protéagineux,
PAN,Panais,01.13.49.4,Panais,25,Légumes ou fleurs,
PAQ,Pâquerette,01.19.21,Fleurs coupées et boutons de fleurs,25,Légumes ou fleurs,
PAR,Plante aromatique (autre que vanille),01.28.19.99,Autres épices brutes et arômates n.c.a.,24,Autres cultures industrielles,
PAS,Pastèque,01.13.21,Pastèques,25,Légumes ou fleurs,
PAT,Pâturin commun de 5 ans ou moins,01.19.10.11,Prairie temporaire,16,Fourrage,
PCH,Pois chiche,01.11.73,"Pois chiches, secs",15,Légumineuses à grains,
PCL,Phacélie de 5 ans ou moins,01.19.10.11,Prairie temporaire,28,Divers,
PEP,Pépinière,01.03,"Plants : plants de pépinière, bulbes, tubercules et rhizomes, boutures et greffons ; blanc de champignon",28,Divers,
PFH,Autre pois fourrager d’hiver,01.19.10.9,Autres plantes et surfaces fourragères n.c.a.,16,Fourrage,
PFP,Autre pois fourrager de printemps,01.19.10.9,Autres plantes et surfaces fourragères n.c.a.,16,Fourrage,
PFR,Petit fruit rouge,01.25.1,Baies et fruits du genre Vaccinium,20,Vergers,
PH5,Pois fourrager d’hiver implanté pour la récolte 2015,01.19.10.9,Autres plantes et surfaces fourragères n.c.a.,16,Fourrage,
PH6,Pois fourrager d’hiver implanté pour la récolte 2016,01.19.10.9,Autres plantes et surfaces fourragères n.c.a.,16,Fourrage,
PH7,Pois fourrager d’hiver implanté pour la récolte 2017,01.19.10.9,Autres plantes et surfaces fourragères n.c.a.,16,Fourrage,
PH8,Pois fourrager d’hiver implanté pour la récolte 2018,01.19.10.9,Autres plantes et surfaces fourragères n.c.a.,16,Fourrage,
PHI,Pois d’hiver,01.11.75,"Pois, secs",8,Protéagineux,
PIS,Pistache,01.25.34,Pistaches,22,Fruits à coque,
PMD,Plante médicinale,01.28.30.99,"Autres plantes utilisées principalement en parfumerie, en pharmacie ou à des fins insecticides, fongicides ou similaires",24,Autres cultures industrielles,
PMV,Primevère,01.19.21,Fleurs coupées et boutons de fleurs,25,Légumes ou fleurs,
POR,Poireau,01.13.44,Poireaux et autres alliacés,25,Légumes ou fleurs,
POT,Potiron / Potimarron,01.13.39.32,Potiron / Potimarron,25,Légumes ou fleurs,
PP5,Pois fourrager de printemps implanté pour la récolte 2015,01.19.10.9,Autres plantes et surfaces fourragères n.c.a.,16,Fourrage,
PP6,Pois fourrager de printemps implanté pour la récolte 2016,01.19.10.9,Autres plantes et surfaces fourragères n.c.a.,16,Fourrage,
PP7,Pois fourrager de printemps implanté pour la récolte 2017,01.19.10.9,Autres plantes et surfaces fourragères n.c.a.,16,Fourrage,
PP8,Pois fourrager de printemps implanté pour la récolte 2018,01.19.10.9,Autres plantes et surfaces fourragères n.c.a.,16,Fourrage,
PPA,"Autre plante à parfum, aromatique et médicinale annuelle",01.28.30.99,"Autres plantes utilisées principalement en parfumerie, en pharmacie ou à des fins insecticides, fongicides ou similaires",24,Autres cultures industrielles,
PPF,Plante à parfum (autre que géranium et vétiver),01.28.30.99,"Autres plantes utilisées principalement en parfumerie, en pharmacie ou à des fins insecticides, fongicides ou similaires",24,Autres cultures industrielles,
PPH,Prairie permanente - herbe prédominante (ressources fourragères ligneuses absentes ou peu présentes),01.19.10.12,Prairie permanente,18,Prairies permanentes,
PPO,Petits pois,01.11.69.9,"Autres légumes à cosse, verts n.c.a.",25,Légumes ou fleurs,
PPP,"Autre plante à parfum, aromatique et médicinale pérenne",01.28.30.99,"Autres plantes utilisées principalement en parfumerie, en pharmacie ou à des fins insecticides, fongicides ou similaires",24,Autres cultures industrielles,
PPR,Pois de printemps semé avant le 31/05,01.11.75,"Pois, secs",8,Protéagineux,
PPT,Pois de printemps semé tardivement (après le 31/05),01.11.75,"Pois, secs",8,Protéagineux,
PRL,Prairie en rotation longue (6 ans ou plus),01.19.10.12,Prairie permanente,18,Prairies permanentes,
PRU,Prune d’Ente pour transformation,01.24.27,Prunes,20,Vergers,
PSE,Pensée,01.28.00.99,"Autres plantes à épices, aromatiques, médicinales et pharmaceutiques",25,Légumes ou fleurs,
PSL,Persil,01.28.19.43,Persil,24,Autres cultures industrielles,
PSN,Psyllium noir de Provence,01.28.30.38,Psyllium noir de Provence,24,Autres cultures industrielles,
PSY,Plantain psyllium,01.28.30.39,Plantain psyllium,24,Autres cultures industrielles,
PTC,Pomme de terre de consommation,01.13.51.1,Pommes de terre (hors féculière),25,Légumes ou fleurs,
PTF,Pomme de terre féculière,01.13.51.2,Pommes de terre féculière,25,Légumes ou fleurs,
PTR,Autre prairie temporaire de 5 ans ou moins,01.19.10.11,Prairie temporaire,19,Prairies temporaires,
PVP,Poivron / Piment,01.13.31,"Piments et poivrons, verts (uniquement capsicum)",25,Légumes ou fleurs,
PVT,Pêche Pavie pour transformation,01.24.25,Pêches,20,Vergers,
PWT,Poire Williams pour transformation,01.24.21,Poires,20,Vergers,
RDF,Radis fourrager,01.19.10.9,Autres plantes et surfaces fourragères n.c.a.,16,Fourrage,
RDI,Radis,01.13.49.1,Radis,25,Légumes ou fleurs,
RGA,Ray-grass de 5 ans ou moins,01.19.10.11,Prairie temporaire,19,Prairies temporaires,
RIZ,Riz,01.12,"Riz, non décortiqué",14,Riz,
ROM,Romarin,01.28.19.21,Romarin,24,Autres cultures industrielles,
ROQ,Roquette,01.13.19.8,Salades,25,Légumes ou fleurs,
ROS,Roselière,01.99,Autres surfaces non productive (yc bordures et bandes tampon),28,Divers,
RUT,Rutabaga,01.13.49.6,Rutabagas,25,Légumes ou fleurs,
RVI,Restructuration du vignoble,01.21.12,Raisin de cuve,21,Vignes,
SA5,Sainfoin implanté pour la récolte 2015,01.19.10.9,Autres plantes et surfaces fourragères n.c.a.,16,Fourrage,
SA6,Sainfoin implanté pour la récolte 2016,01.19.10.9,Autres plantes et surfaces fourragères n.c.a.,16,Fourrage,
SA7,Sainfoin implanté pour la récolte 2017,01.19.10.9,Autres plantes et surfaces fourragères n.c.a.,16,Fourrage,
SA8,Sainfoin implanté pour la récolte 2018,01.19.10.9,Autres plantes et surfaces fourragères n.c.a.,16,Fourrage,
SAD,Sainfoin déshydraté,01.19.10.9,Autres plantes et surfaces fourragères n.c.a.,16,Fourrage,
SAI,Autre sainfoin,01.19.10.9,Autres plantes et surfaces fourragères n.c.a.,16,Fourrage,
SBO,Surface boisée sur une ancienne terre agricole,01.95.1,Bois,28,Divers,
SE5,Serradelle implantée pour la récolte 2015,01.19.10.9,Autres plantes et surfaces fourragères n.c.a.,16,Fourrage,
SE6,Serradelle implantée pour la récolte 2016,01.19.10.9,Autres plantes et surfaces fourragères n.c.a.,16,Fourrage,
SE7,Serradelle implantée pour la récolte 2017,01.19.10.9,Autres plantes et surfaces fourragères n.c.a.,16,Fourrage,
SE8,Serradelle implantée pour la récolte 2018,01.19.10.9,Autres plantes et surfaces fourragères n.c.a.,16,Fourrage,
SED,Serradelle déshydratée,01.19.10.9,Autres plantes et surfaces fourragères n.c.a.,16,Fourrage,
SER,Autre serradelle,01.19.10.9,Autres plantes et surfaces fourragères n.c.a.,16,Fourrage,
SFI,Salsifis,01.13.49.5,Salsifis,25,Légumes ou fleurs,
SGE,Sauge,01.28.30.81,Sauge officinale,24,Autres cultures industrielles,
SGH,Seigle d’hiver,01.11.32,Seigle,4,Autres céréales,
SGP,Seigle de printemps,01.11.32,Seigle,4,Autres céréales,
SNA,Surface non agricole non visible sur l’orthophotographie,01.99,Autres surfaces non productive (yc bordures et bandes tampon),28,Divers,
SNE,Surface agricole temporairement non exploitée,01.91,"Jachère, gel entrant en rotation (yc bandes tampon et surfaces non exploitées temporairement)",28,Divers,
SOG,Sorgho,01.11.41,Sorgho,4,Autres céréales,
SOJ,Soja,01.11.81,Fèves de soja,7,Autres oléagineux,
SPH,Surface pastorale - herbe prédominante et ressources fourragères ligneuses présentes,01.19.10.13,Parcours herbeux (hors estives collectives),17,Estives et landes,
SPL,Surface pastorale - ressources fourragères ligneuses prédominantes,01.95.11,Bois pâturés et parcours ligneux,17,Estives et landes,
SRI,Sarriette,01.28.19.1,Sarriette,24,Autres cultures industrielles,
SRS,Sarrasin,01.11.49.2,Sarrasin,4,Autres céréales,
TAB,Tabac,01.15,Tabac brut,24,Autres cultures industrielles,
TBT,Tubercule tropical,01.13.5,Racines et tubercules à amidon ou inuline comestibles,28,Divers,
TCR,Taillis à courte rotation,01.91,"Jachère, gel entrant en rotation (yc bandes tampon et surfaces non exploitées temporairement)",28,Divers,
THY,Thym,01.28.19.25,Thym,24,Autres cultures industrielles,
TOM,Tomate,01.13.34,Tomates,25,Légumes ou fleurs,
TOP,Topinambour,01.13.59,Autres racines et tubercules à amidon ou inuline comestibles,25,Légumes ou fleurs,
TOT,Tomate pour transformation,01.13.34,Tomates,24,Autres cultures industrielles,
TR5,Trèfle implanté pour la récolte 2015,01.19.10.7,Trèfle,16,Fourrage,
TR6,Trèfle implanté pour la récolte 2016,01.19.10.7,Trèfle,16,Fourrage,
TR7,Trèfle implanté pour la récolte 2017,01.19.10.7,Trèfle,16,Fourrage,
TR8,Trèfle implanté pour la récolte 2018,01.19.10.7,Trèfle,16,Fourrage,
TRD,Trèfle déshydraté,01.19.10.7,Trèfle,16,Fourrage,
TRE,Autre trèfle,01.19.10.7,Trèfle,16,Fourrage,
TRN,Tournesol,01.11.95,Tournesol,6,Tournesol,
TRU,Truffière (chênaie de plants mycorhizés),01.13.8,Champignons et truffes,28,Divers,
TTH,Triticale d’hiver,01.11.43,Triticale,4,Autres céréales,
TTP,Triticale de printemps,01.11.43,Triticale,4,Autres céréales,
VAL,Valériane,01.28.30.44,Valériane,24,Autres cultures industrielles,
VE5,Vesce implantée pour la récolte 2015,01.19.10.9,Autres plantes et surfaces fourragères n.c.a.,16,Fourrage,
VE6,Vesce implantée pour la récolte 2016,01.19.10.9,Autres plantes et surfaces fourragères n.c.a.,16,Fourrage,
VE7,Vesce implantée pour la récolte 2017,01.19.10.9,Autres plantes et surfaces fourragères n.c.a.,16,Fourrage,
VE8,Vesce implantée pour la récolte 2018,01.19.10.9,Autres plantes et surfaces fourragères n.c.a.,16,Fourrage,
VED,Vesce déshydratée,01.19.10.9,Autres plantes et surfaces fourragères n.c.a.,16,Fourrage,
VER,Véronique,01.28.30.45,Véronique,25,Légumes ou fleurs,
VES,Autre vesce,01.19.10.9,Autres plantes et surfaces fourragères n.c.a.,16,Fourrage,
VET,Vétiver,01.28.30.46,Vétiver,28,Divers,
VGD,Verger (DOM),01.25.9,Autres fruits d'arbres ou d'arbustes n.c.a.,20,Vergers,
VNB,Vanille sous bois,01.28.18,"Vanille, brute",24,Autres cultures industrielles,
VNL,Vanille,01.28.18,"Vanille, brute",24,Autres cultures industrielles,
VNV,Vanille verte,01.28.18,"Vanille, brute",24,Autres cultures industrielles,
VRC,Vigne : raisins de cuve,01.21.12,Raisin de cuve,21,Vignes,
VRG,Verger,01.25.9,Autres fruits d'arbres ou d'arbustes n.c.a.,20,Vergers,
VRN,Vigne : raisins de cuve non en production,01.21.12,Raisin de cuve,21,Vignes,
VRT,Vigne : raisins de table,01.21.11,Raisin de table,21,Vignes,
XFE,X-Felium de 5 ans ou moins,01.19.10.9,Autres plantes et surfaces fourragères n.c.a.,16,Fourrage,
YLA,Ylang-ylang,01.28.30.47,Ylang-ylang,24,Autres cultures industrielles,
ZZZ,Culture inconnue,,,28,Divers,